timestamp,team_name,type,total_play_time
2025-01-17 13:15:16.346,Test Solution Bees Ignore,station_unlocked,0
2025-01-17 13:17:25.891,Test Solution Bees Ignore,first_touch,49
2025-01-17 13:17:38.814,Test Solution Bees Ignore,first_button,49
2025-01-17 13:17:47.524,Sorting By Every Column Until Morale Improves,station_unlocked,0
2025-01-17 13:18:27.74,Test Solution Bees Ignore,first_knock,109
2025-01-17 13:19:42.182,Test Solution Bees Ignore,first_light,169
2025-01-17 13:24:18.646,‚ÑôoNDeterministic,station_unlocked,0
2025-01-17 13:24:51.222,‚ÑôoNDeterministic,first_touch,26
2025-01-17 13:27:54.244,Test Solution Bees Ignore,stage_1_unlocked,567
2025-01-17 13:29:09.772,Test Solution Bees Ignore,first_magnet,626
2025-01-17 13:30:09.828,Sorting By Every Column Until Morale Improves,first_touch,79
2025-01-17 13:31:55.801,Sorting By Every Column Until Morale Improves,first_knock,163
2025-01-17 13:32:11.504,17th Shard,station_unlocked,0
2025-01-17 13:32:49.963,teammate,station_unlocked,0
2025-01-17 13:33:29.523,teammate,first_button,36
2025-01-17 13:33:29.767,Math and Vehem,station_unlocked,0
2025-01-17 13:33:37.286,ManateeM,station_unlocked,0
2025-01-17 13:33:45.357,Sorting By Every Column Until Morale Improves,first_button,230
2025-01-17 13:33:55.579,17th Shard,first_button,66
2025-01-17 13:33:58.819,teammate,first_touch,36
2025-01-17 13:33:59.593,17th Shard,first_knock,66
2025-01-17 13:34:00.301,Sorting By Every Column Until Morale Improves,stage_1_unlocked,284
2025-01-17 13:34:00.924,17th Shard,first_touch,66
2025-01-17 13:34:05.975,teammate,first_knock,36
2025-01-17 13:34:11.148,ManateeM,first_touch,0
2025-01-17 13:34:14.013,ManateeM,first_button,0
2025-01-17 13:34:45.743,Math and Vehem,first_touch,54
2025-01-17 13:35:13.937,17th Shard,first_light,126
2025-01-17 13:35:24.631,Frumious Bandersnatch,station_unlocked,0
2025-01-17 13:35:28.98,ManateeM,first_knock,108
2025-01-17 13:35:37.471,ManateeM,first_light,108
2025-01-17 13:35:48.765,teammate,stage_1_unlocked,178
2025-01-17 13:36:24.245,Math and Vehem,first_knock,140
2025-01-17 13:36:38.148,Math and Vehem,first_button,140
2025-01-17 13:37:12.35,Math and Vehem,stage_1_unlocked,201
2025-01-17 13:37:23.561,ManateeM,stage_1_unlocked,222
2025-01-17 13:37:24.616,17th Shard,stage_1_unlocked,294
2025-01-17 13:37:44.966,ManateeM,first_magnet,228
2025-01-17 13:38:11.276,17th Shard,first_magnet,301
2025-01-17 13:38:14.383,Sorting By Every Column Until Morale Improves,first_magnet,530
2025-01-17 13:39:04.244,Frumious Bandersnatch,first_knock,133
2025-01-17 13:39:34.373,Frumious Bandersnatch,first_button,133
2025-01-17 13:39:36.439,Frumious Bandersnatch,first_touch,133
2025-01-17 13:40:28.484,All the World's a Rage,station_unlocked,0
2025-01-17 13:40:51.304,Frumious Bandersnatch,stage_1_unlocked,252
2025-01-17 13:41:08.623,All the World's a Rage,first_knock,12
2025-01-17 13:41:08.955,Sorting By Every Column Until Morale Improves,stage_2_unlocked,681
2025-01-17 13:41:24.105,All the World's a Rage,first_touch,12
2025-01-17 13:41:25.066,Frumious Bandersnatch,first_magnet,253
2025-01-17 13:41:34.019,All the World's a Rage,first_button,12
2025-01-17 13:41:52.305,Frumious Bandersnatch,first_light,311
2025-01-17 13:41:53.495,Literally Animal Farm,station_unlocked,0
2025-01-17 13:41:53.939,Sorting By Every Column Until Morale Improves,first_headphone,681
2025-01-17 13:42:00.947,All the World's a Rage,stage_1_unlocked,89
2025-01-17 13:42:27.363,All the World's a Rage,first_magnet,89
2025-01-17 13:42:34.131,All the World's a Rage,first_light,89
2025-01-17 13:43:10.899,Literally Animal Farm,first_button,54
2025-01-17 13:44:18.355,Literally Animal Farm,first_knock,72
2025-01-17 13:45:00.375,Literally Animal Farm,first_touch,132
2025-01-17 13:45:05.575,All the World's a Rage,stage_2_unlocked,232
2025-01-17 13:45:35.673,All the World's a Rage,first_headphone,251
2025-01-17 13:47:33.638,Literally Animal Farm,stage_1_unlocked,299
2025-01-17 13:48:14.868,17th Shard,stage_2_unlocked,884
2025-01-17 13:48:16.583,teammate,first_light,894
2025-01-17 13:48:47.928,17th Shard,first_headphone,901
2025-01-17 13:49:11.407,Sorting By Every Column Until Morale Improves,stage_3_unlocked,1119
2025-01-17 13:49:20.405,teammate,first_magnet,927
2025-01-17 13:49:35.183,Small Llama Malls,station_unlocked,0
2025-01-17 13:50:18.206,Small Llama Malls,first_button,30
2025-01-17 13:50:34.72,Belmonsters,station_unlocked,0
2025-01-17 13:50:54.705,Frumious Bandersnatch,stage_2_unlocked,819
2025-01-17 13:50:57.882,Small Llama Malls,first_knock,30
2025-01-17 13:51:07.028,All the World's a Rage,stage_3_unlocked,594
2025-01-17 13:52:01.849,Math and Vehem,first_magnet,1014
2025-01-17 13:52:15.274,Small Llama Malls,first_touch,150
2025-01-17 13:52:15.339,Left Out,station_unlocked,0
2025-01-17 13:52:33.266,Math and Vehem,first_light,1074
2025-01-17 13:52:40.162,teammate,stage_2_unlocked,1181
2025-01-17 13:52:42.005,Small Llama Malls,stage_1_unlocked,183
2025-01-17 13:53:26.668,Up Late,station_unlocked,1597
2025-01-17 13:53:26.669,Up Late,stage_2_unlocked,1597
2025-01-17 13:53:31.112,Frumious Bandersnatch,first_headphone,879
2025-01-17 13:53:36.707,Left Out,first_knock,54
2025-01-17 13:53:53.127,Belmonsters,first_knock,54
2025-01-17 13:54:01.429,Literally Animal Farm,first_light,551
2025-01-17 13:54:27.516,Left Out,first_light,98
2025-01-17 13:54:29.841,Left Out,first_touch,98
2025-01-17 13:54:33.704,Small Llama Malls,first_light,270
2025-01-17 13:54:56.359,teammate,first_headphone,1287
2025-01-17 13:55:00.719,Literally Animal Farm,first_magnet,611
2025-01-17 13:55:24.914,Up Late,first_headphone,1613
2025-01-17 13:55:26.864,Up Late,first_knock,1613
2025-01-17 13:55:51.436,Small Llama Malls,first_magnet,346
2025-01-17 13:56:05.894,Left Out,first_button,158
2025-01-17 13:56:27.538,Left Out,stage_1_unlocked,225
2025-01-17 13:56:42.045,Up Late,first_light,1673
2025-01-17 13:56:47.527,Literally Animal Farm,stage_2_unlocked,732
2025-01-17 13:56:48.881,Up Late,first_touch,1673
2025-01-17 13:56:51.392,Left Out,first_magnet,225
2025-01-17 13:57:01.109,Sorting By Every Column Until Morale Improves,stage_4_unlocked,1589
2025-01-17 13:57:18.496,Up Late,stage_3_unlocked,1727
2025-01-17 13:57:24.822,Literally Animal Farm,first_headphone,761
2025-01-17 13:57:44.527,Palindrome,station_unlocked,0
2025-01-17 13:58:02.12,Up Late,first_magnet,1733
2025-01-17 13:58:08.498,Up Late,first_button,1733
2025-01-17 13:58:45.011,17th Shard,stage_3_unlocked,1506
2025-01-17 13:59:04.204,I'm not a planet either,station_unlocked,0
2025-01-17 13:59:29.355,Palindrome,first_knock,54
2025-01-17 13:59:54.717,I'm not a planet either,first_button,10
2025-01-17 14:00:01.556,I'm not a planet either,first_knock,10
2025-01-17 14:00:25.447,Literally Animal Farm,stage_3_unlocked,946
2025-01-17 14:00:28.205,Belmonsters,first_touch,81
2025-01-17 14:00:45.085,I'm not a planet either,first_touch,70
2025-01-17 14:00:56.603,Belmonsters,first_button,81
2025-01-17 14:01:33.208,Frumious Bandersnatch,stage_3_unlocked,1285
2025-01-17 14:01:47.444,Palindrome,first_touch,150
2025-01-17 14:02:17.333,teammate,stage_3_unlocked,1735
2025-01-17 14:02:23.017,Setec Astronomy,station_unlocked,0
2025-01-17 14:02:59.385,Sorting By Every Column Until Morale Improves,first_light,1892
2025-01-17 14:03:03.154,Setec Astronomy,first_knock,29
2025-01-17 14:03:58.798,Setec Astronomy,first_touch,80
2025-01-17 14:04:13.19,Belmonsters,stage_1_unlocked,308
2025-01-17 14:04:44.322,Literally Animal Farm,stage_4_unlocked,1187
2025-01-17 14:05:12.612,Setec Astronomy,first_light,140
2025-01-17 14:05:16.438,I'm not a planet either,stage_1_unlocked,359
2025-01-17 14:05:22.08,All the World's a Rage,stage_4_unlocked,1299
2025-01-17 14:05:30.103,Setec Astronomy,first_button,140
2025-01-17 14:05:38.209,Small Llama Malls,stage_2_unlocked,892
2025-01-17 14:06:22.733,Small Llama Malls,first_headphone,921
2025-01-17 14:06:31.681,Setec Astronomy,stage_1_unlocked,238
2025-01-17 14:06:54.078,Setec Astronomy,first_magnet,260
2025-01-17 14:07:10.578,Up Late,stage_4_unlocked,2155
2025-01-17 14:07:13.915,I'm not a planet either,first_magnet,430
2025-01-17 14:07:44.985,Setec Astronomy,stage_2_unlocked,312
2025-01-17 14:08:42.493,I'm not a planet either,stage_2_unlocked,564
2025-01-17 14:08:52.123,‚òÉ,station_unlocked,0
2025-01-17 14:09:16.065,I'm not a planet either,first_light,564
2025-01-17 14:09:39.593,Setec Astronomy,first_headphone,380
2025-01-17 14:10:05.194,teammate,stage_4_unlocked,2083
2025-01-17 14:10:28.778,Math and Vehem,stage_2_unlocked,2117
2025-01-17 14:10:42.723,‚úàÔªø‚úàÔªø‚úà Galactic Trendsetters ‚úàÔªø‚úàÔªø‚úà,station_unlocked,0
2025-01-17 14:10:57.391,Literally Animal Farm,stage_5_unlocked,1549
2025-01-17 14:11:40.562,Frumious Bandersnatch,stage_4_unlocked,1716
2025-01-17 14:11:50.886,‚úàÔªø‚úàÔªø‚úà Galactic Trendsetters ‚úàÔªø‚úàÔªø‚úà,first_knock,54
2025-01-17 14:11:52.473,‚òÉ,first_knock,58
2025-01-17 14:11:53.289,All the World's a Rage,stage_5_unlocked,1684
2025-01-17 14:12:01.595,Sorting By Every Column Until Morale Improves,stage_5_unlocked,2403
2025-01-17 14:13:14.556,Palindrome,first_button,754
2025-01-17 14:13:15.882,‚úàÔªø‚úàÔªø‚úà Galactic Trendsetters ‚úàÔªø‚úàÔªø‚úà,first_button,124
2025-01-17 14:13:16.615,‚úàÔªø‚úàÔªø‚úà Galactic Trendsetters ‚úàÔªø‚úàÔªø‚úà,first_touch,124
2025-01-17 14:13:17.541,‚òÉ,first_button,137
2025-01-17 14:13:27.104,Setec Astronomy,stage_3_unlocked,654
2025-01-17 14:13:29.634,Palindrome,stage_1_unlocked,795
2025-01-17 14:13:52.926,teammate,stage_5_unlocked,2298
2025-01-17 14:14:06.124,‚òÉ,first_touch,137
2025-01-17 14:14:39.976,Belmonsters,first_light,869
2025-01-17 14:14:40.11,Small Llama Malls,stage_3_unlocked,1386
2025-01-17 14:15:06.163,I'm not a planet either,first_headphone,882
2025-01-17 14:15:26.817,17th Shard,stage_4_unlocked,2481
2025-01-17 14:15:43.584,‚òÉ,stage_1_unlocked,292
2025-01-17 14:15:52.287,Up Late,stage_5_unlocked,2565
2025-01-17 14:16:36.581,Math and Vehem,first_headphone,2453
2025-01-17 14:16:47.128,‚õé UNICODE EQUIVALENCE,station_unlocked,0
2025-01-17 14:16:51.864,‚úàÔªø‚úàÔªø‚úà Galactic Trendsetters ‚úàÔªø‚úàÔªø‚úà,stage_1_unlocked,355
2025-01-17 14:17:19.448,‚õé UNICODE EQUIVALENCE,first_button,0
2025-01-17 14:17:30.235,Left Out,stage_2_unlocked,1111
2025-01-17 14:17:33.706,I'm not a planet either,stage_3_unlocked,1047
2025-01-17 14:17:51.886,‚õé UNICODE EQUIVALENCE,first_knock,59
2025-01-17 14:18:06.554,‚õé UNICODE EQUIVALENCE,first_light,59
2025-01-17 14:18:16.826,Left Out,first_headphone,1135
2025-01-17 14:18:52.756,Frumious Bandersnatch,stage_5_unlocked,2091
2025-01-17 14:19:15.054,‚õé UNICODE EQUIVALENCE,first_touch,115
2025-01-17 14:20:29.871,Libra Complexity,station_unlocked,0
2025-01-17 14:20:37.601,‚õé UNICODE EQUIVALENCE,stage_1_unlocked,225
2025-01-17 14:21:51.306,Libra Complexity,first_button,78
2025-01-17 14:21:57.879,Libra Complexity,first_touch,78
2025-01-17 14:22:02.41,Libra Complexity,first_knock,78
2025-01-17 14:22:06.864,‚õé UNICODE EQUIVALENCE,first_magnet,304
2025-01-17 14:22:31.063,Libra Complexity,stage_1_unlocked,118
2025-01-17 14:22:59.724,Spore Giant,station_unlocked,0
2025-01-17 14:23:09.683,Setec Astronomy,stage_4_unlocked,1236
2025-01-17 14:23:50.783,NES,station_unlocked,0
2025-01-17 14:24:21.186,NES,first_knock,10
2025-01-17 14:24:35.989,Society of Enigmatic Spirits,station_unlocked,0
2025-01-17 14:24:57.735,NES,first_button,10
2025-01-17 14:25:09.784,17th Shard,stage_5_unlocked,2937
2025-01-17 14:25:10.116,NES,first_touch,70
2025-01-17 14:25:14.736,(required),station_unlocked,0
2025-01-17 14:25:39.624,Palindrome,first_light,1306
2025-01-17 14:25:44.74,‚úàÔªø‚úàÔªø‚úà Galactic Trendsetters ‚úàÔªø‚úàÔªø‚úà,first_light,796
2025-01-17 14:25:49.86,NES,stage_1_unlocked,119
2025-01-17 14:25:56.117,Left Out,stage_3_unlocked,1612
2025-01-17 14:26:33.545,Small Llama Malls,stage_4_unlocked,1930
2025-01-17 14:26:34.395,NES,first_light,130
2025-01-17 14:26:34.566,Test Solution Bees Ignore,stage_4_unlocked,3448
2025-01-17 14:26:37.411,(required),first_button,46
2025-01-17 14:26:42.745,(required),first_knock,46
2025-01-17 14:27:08.522,NES,first_magnet,190
2025-01-17 14:27:16.212,(required),first_touch,106
2025-01-17 14:27:38.625,‚úàÔªø‚úàÔªø‚úà Galactic Trendsetters ‚úàÔªø‚úàÔªø‚úà,first_magnet,865
2025-01-17 14:27:53.618,‚õé UNICODE EQUIVALENCE,stage_2_unlocked,553
2025-01-17 14:28:31.197,(required),stage_1_unlocked,192
2025-01-17 14:28:35.318,‚õé UNICODE EQUIVALENCE,first_headphone,553
2025-01-17 14:28:48.55,Math and Vehem,stage_3_unlocked,3210
2025-01-17 14:29:05.666,Society of Enigmatic Spirits,first_knock,186
2025-01-17 14:29:20.295,Amateur Hour,station_unlocked,0
2025-01-17 14:30:01.416,Test Solution Bees Ignore,stage_5_unlocked,3655
2025-01-17 14:30:05.231,I'm not a planet either,stage_4_unlocked,1692
2025-01-17 14:30:08.241,‚òÉ,first_magnet,903
2025-01-17 14:30:16.527,Society of Enigmatic Spirits,first_button,246
2025-01-17 14:30:35.289,Setec Astronomy,stage_5_unlocked,1681
2025-01-17 14:30:57.539,Amateur Hour,first_knock,48
2025-01-17 14:31:03.738,Palindrome,first_magnet,1563
2025-01-17 14:31:07.584,Amateur Hour,first_touch,48
2025-01-17 14:31:11.834,Test Solution Bees Ignore,first_headphone,3708
2025-01-17 14:31:48.636,Palindrome,stage_2_unlocked,1610
2025-01-17 14:31:51.662,‚úàÔªø‚úàÔªø‚úà Galactic Trendsetters ‚úàÔªø‚úàÔªø‚úà,stage_2_unlocked,1057
2025-01-17 14:31:57.445,Grad Unified Theory,station_unlocked,0
2025-01-17 14:32:18.613,Palindrome,first_headphone,1627
2025-01-17 14:32:23.715,‚úàÔªø‚úàÔªø‚úà Galactic Trendsetters ‚úàÔªø‚úàÔªø‚úà,first_headphone,1087
2025-01-17 14:33:03.119,Amateur Hour,first_button,168
2025-01-17 14:33:18.955,Amateur Hour,stage_1_unlocked,228
2025-01-17 14:33:21.469,Math and Vehem,stage_4_unlocked,3445
2025-01-17 14:33:29.117,Space Needle in a Haystack,station_unlocked,0
2025-01-17 14:34:00.982,Singles Ready to Stay Inside,station_unlocked,0
2025-01-17 14:34:06.72,Grad Unified Theory,first_knock,80
2025-01-17 14:34:16.125,Society of Enigmatic Spirits,first_touch,461
2025-01-17 14:34:17.137,Grad Unified Theory,first_touch,80
2025-01-17 14:34:21.269,Small Llama Malls,stage_5_unlocked,2341
2025-01-17 14:34:38.665,Grad Unified Theory,first_button,95
2025-01-17 14:35:12.481,Singles Ready to Stay Inside,first_touch,54
2025-01-17 14:35:14.046,Space Needle in a Haystack,first_touch,57
2025-01-17 14:35:30.173,Singles Ready to Stay Inside,first_knock,54
2025-01-17 14:35:32.732,The Team Formerly Known as the Team Formerly Known as the Team Formerly Known as the Team Formerly Known as the Team Formerly Known as the Team Formerly Known as The Team To Be Named Later,station_unlocked,0
2025-01-17 14:35:43.655,Society of Enigmatic Spirits,stage_1_unlocked,563
2025-01-17 14:36:08.099,(required),first_light,631
2025-01-17 14:36:09.57,‚òÉ,stage_2_unlocked,1222
2025-01-17 14:36:16.099,Space Needle in a Haystack,first_button,117
2025-01-17 14:36:17.621,(required),first_magnet,631
2025-01-17 14:36:31.436,Space Needle in a Haystack,first_knock,117
2025-01-17 14:37:01.287,Y‚ÇÄ,station_unlocked,0
2025-01-17 14:37:32.783,The Team That Is Now Named Later,station_unlocked,0
2025-01-17 14:37:41.29,‚òÉ,first_headphone,1294
2025-01-17 14:37:56.949,‚úàÔªø‚úàÔªø‚úà Galactic Trendsetters ‚úàÔªø‚úàÔªø‚úà,stage_3_unlocked,1313
2025-01-17 14:38:03.952,Palindrome,stage_3_unlocked,1925
2025-01-17 14:38:07.68,The Team That Is Now Named Later,first_button,4
2025-01-17 14:38:08.214,The Team That Is Now Named Later,first_touch,4
2025-01-17 14:38:33.233,Y‚ÇÄ,first_button,34
2025-01-17 14:38:37.421,Y‚ÇÄ,first_touch,34
2025-01-17 14:38:41.804,The Team That Is Now Named Later,first_light,64
2025-01-17 14:38:46.188,Spore Giant,first_touch,147
2025-01-17 14:38:59.545,Y‚ÇÄ,first_knock,34
2025-01-17 14:39:14.021,Spore Giant,first_knock,164
2025-01-17 14:39:22.223,The Team That Is Now Named Later,first_knock,64
2025-01-17 14:39:24.817,Singles Ready to Stay Inside,first_button,263
2025-01-17 14:39:44.352,Spore Giant,first_button,164
2025-01-17 14:39:49.087,Y‚ÇÄ,stage_1_unlocked,136
2025-01-17 14:40:10.482,The Team That Is Now Named Later,stage_1_unlocked,156
2025-01-17 14:40:10.571,Codex Calixtinus,station_unlocked,0
2025-01-17 14:40:17.571,Left Out,stage_4_unlocked,2427
2025-01-17 14:40:21.993,Grad Unified Theory,stage_1_unlocked,457
2025-01-17 14:40:41.687,The Team That Is Now Named Later,first_magnet,184
2025-01-17 14:41:01.927,Grad Unified Theory,first_magnet,457
2025-01-17 14:41:08.201,Spore Giant,stage_1_unlocked,289
2025-01-17 14:41:21.951,Codex Calixtinus,first_touch,36
2025-01-17 14:41:34.746,Codex Calixtinus,first_button,36
2025-01-17 14:41:44.884,Math and Vehem,stage_5_unlocked,3923
2025-01-17 14:41:50.115,Singles Ready to Stay Inside,stage_1_unlocked,433
2025-01-17 14:41:55.385,Amateur Hour,first_light,699
2025-01-17 14:42:08.161,(required),stage_2_unlocked,994
2025-01-17 14:42:34.117,Spore Giant,first_magnet,344
2025-01-17 14:42:34.772,‚õé UNICODE EQUIVALENCE,stage_3_unlocked,1304
2025-01-17 14:42:55.245,Codex Calixtinus,first_knock,156
2025-01-17 14:43:02.908,Singles Ready to Stay Inside,first_light,503
2025-01-17 14:43:32.853,Amateur Hour,first_magnet,759
2025-01-17 14:43:57.067,NES,stage_2_unlocked,1022
2025-01-17 14:44:02.938,(required),first_headphone,1051
2025-01-17 14:44:39.736,NES,first_headphone,1052
2025-01-17 14:45:15.145,Space Needle in a Haystack,stage_1_unlocked,682
2025-01-17 14:45:20.746,Codex Calixtinus,stage_1_unlocked,304
2025-01-17 14:45:39.691,Singles Ready to Stay Inside,first_magnet,623
2025-01-17 14:46:47.687,Space Needle in a Haystack,first_light,764
2025-01-17 14:47:20.201,I'm not a planet either,stage_5_unlocked,2329
2025-01-17 14:47:41.125,Society of Enigmatic Spirits,first_light,1052
2025-01-17 14:47:48.817,Spore Giant,stage_2_unlocked,678
2025-01-17 14:47:50.532,NES,stage_3_unlocked,1203
2025-01-17 14:48:05.713,Y‚ÇÄ,first_light,574
2025-01-17 14:48:40.117,Spore Giant,first_light,703
2025-01-17 14:48:59.801,‚õé UNICODE EQUIVALENCE,stage_4_unlocked,1628
2025-01-17 14:49:03.889,(required),stage_3_unlocked,1410
2025-01-17 14:49:05.403,"Immoral, Illegal & Fattening",station_unlocked,0
2025-01-17 14:49:21.637,Palindrome,stage_4_unlocked,2488
2025-01-17 14:49:24.053,Singles Ready to Stay Inside,stage_2_unlocked,863
2025-01-17 14:49:52.987,Libra Complexity,first_light,1153
2025-01-17 14:49:53.439,Spore Giant,first_headphone,763
2025-01-17 14:50:05.806,Singles Ready to Stay Inside,first_headphone,893
2025-01-17 14:50:12.825,Y‚ÇÄ,first_magnet,686
2025-01-17 14:50:13.589,NES,stage_4_unlocked,1330
2025-01-17 14:50:15.411,Libra Complexity,first_magnet,1213
2025-01-17 14:51:36.11,Libra Complexity,stage_2_unlocked,1304
2025-01-17 14:51:55.559,Grad Unified Theory,stage_2_unlocked,1151
2025-01-17 14:52:14.965,‚úàÔªø‚úàÔªø‚úà Galactic Trendsetters ‚úàÔªø‚úàÔªø‚úà,stage_4_unlocked,1938
2025-01-17 14:52:29.683,Spore Giant,stage_3_unlocked,959
2025-01-17 14:52:36.306,Grad Unified Theory,first_light,1180
2025-01-17 14:52:37.556,NES,stage_5_unlocked,1465
2025-01-17 14:52:40.303,Space Needle in a Haystack,first_magnet,1066
2025-01-17 14:53:04.204,Y‚ÇÄ,stage_2_unlocked,849
2025-01-17 14:53:15.241,Central Services,station_unlocked,0
2025-01-17 14:53:51.768,Left Out,stage_5_unlocked,3228
2025-01-17 14:53:53.918,Palindrome,stage_5_unlocked,2749
2025-01-17 14:54:13.277,Libra Complexity,first_headphone,1453
2025-01-17 14:54:38.636,The Team That Is Now Named Later,stage_2_unlocked,935
2025-01-17 14:54:52.586,"Immoral, Illegal & Fattening",first_touch,79
2025-01-17 14:55:01.086,Codex Calixtinus,first_light,842
2025-01-17 14:55:23.616,"Immoral, Illegal & Fattening",first_knock,139
2025-01-17 14:55:34.854,"Immoral, Illegal & Fattening",first_button,139
2025-01-17 14:55:35.243,The Team That Is Now Named Later,first_headphone,964
2025-01-17 14:55:59.4,Codex Calixtinus,first_magnet,899
2025-01-17 14:56:44.53,Eradication & Chaos @ r/PictureGame,station_unlocked,0
2025-01-17 14:56:59.936,ManateeM,stage_4_unlocked,3039
2025-01-17 14:57:05.977,"Immoral, Illegal & Fattening",stage_1_unlocked,271
2025-01-17 14:57:16.756,Y‚ÇÄ,first_headphone,1073
2025-01-17 14:57:42.095,Super Team Awesome,station_unlocked,0
2025-01-17 14:57:55.94,(required),stage_4_unlocked,1851
2025-01-17 14:58:19.185,Codex Calixtinus,stage_2_unlocked,1029
2025-01-17 14:58:25.272,Super Team Awesome,first_button,6
2025-01-17 14:58:25.42,Grad Unified Theory,first_headphone,1517
2025-01-17 14:58:27.758,Eradication & Chaos @ r/PictureGame,first_button,54
2025-01-17 14:58:29.537,Super Team Awesome,first_knock,6
2025-01-17 14:58:40.812,Codex Calixtinus,first_headphone,1029
2025-01-17 14:59:33.337,Super Team Awesome,first_touch,66
2025-01-17 14:59:42.565,Super Team Awesome,first_light,66
2025-01-17 14:59:58.009,‚ÑôoNDeterministic,first_knock,149
2025-01-17 15:00:06.06,Eradication & Chaos @ r/PictureGame,first_knock,98
2025-01-17 15:00:10.025,Spore Giant,stage_4_unlocked,1420
2025-01-17 15:00:12.91,Eradication & Chaos @ r/PictureGame,first_touch,158
2025-01-17 15:00:14.976,Libra Complexity,stage_3_unlocked,1773
2025-01-17 15:00:15.816,ManateeM,stage_5_unlocked,3235
2025-01-17 15:00:16.61,‚ÑôoNDeterministic,first_button,183
2025-01-17 15:00:44.354,‚òÉ,stage_3_unlocked,2366
2025-01-17 15:00:47.809,Super Team Awesome,stage_1_unlocked,183
2025-01-17 15:01:03.587,Eradication & Chaos @ r/PictureGame,stage_1_unlocked,210
2025-01-17 15:01:09.813,Y‚ÇÄ,stage_3_unlocked,1335
2025-01-17 15:01:19.732,Super Team Awesome,first_magnet,186
2025-01-17 15:01:46.451,‚úàÔªø‚úàÔªø‚úà Galactic Trendsetters ‚úàÔªø‚úàÔªø‚úà,stage_5_unlocked,2475
2025-01-17 15:01:54.568,Singles Ready to Stay Inside,stage_3_unlocked,1588
2025-01-17 15:02:01.458,Grad Unified Theory,stage_3_unlocked,1738
2025-01-17 15:02:48.273,Libra Complexity,stage_4_unlocked,1926
2025-01-17 15:03:17.993,‚ÑôoNDeterministic,stage_1_unlocked,374
2025-01-17 15:05:17.33,Central Services,stage_1_unlocked,648
2025-01-17 15:05:29.938,Space Needle in a Haystack,stage_2_unlocked,1726
2025-01-17 15:05:43.883,Central Services,first_touch,648
2025-01-17 15:05:51.494,The Team That Is Now Named Later,stage_3_unlocked,1558
2025-01-17 15:05:55.438,Super Team Awesome,stage_2_unlocked,477
2025-01-17 15:06:28.188,Super Team Awesome,first_headphone,507
2025-01-17 15:06:53.675,"Immoral, Illegal & Fattening",first_light,858
2025-01-17 15:07:16.535,Y‚ÇÄ,stage_4_unlocked,1694
2025-01-17 15:08:12.626,Space Needle in a Haystack,first_headphone,1824
2025-01-17 15:08:33.113,Central Services,first_button,764
2025-01-17 15:08:42.149,Libra Complexity,stage_5_unlocked,2280
2025-01-17 15:09:03.775,Society of Enigmatic Spirits,first_magnet,1685
2025-01-17 15:09:11.613,Central Services,first_knock,824
2025-01-17 15:09:33.405,Singles Ready to Stay Inside,stage_4_unlocked,1970
2025-01-17 15:09:53.525,Grad Unified Theory,stage_4_unlocked,2195
2025-01-17 15:10:29.744,Eradication & Chaos @ r/PictureGame,first_magnet,758
2025-01-17 15:10:41.102,Codex Calixtinus,stage_3_unlocked,1755
2025-01-17 15:11:19.906,‚ÑôoNDeterministic,first_magnet,837
2025-01-17 15:12:14.296,Y‚ÇÄ,stage_5_unlocked,1957
2025-01-17 15:12:21.265,The Team That Is Now Named Later,stage_4_unlocked,1788
2025-01-17 15:12:43.581,Codex Calixtinus,stage_4_unlocked,1846
2025-01-17 15:12:55.163,(required),stage_5_unlocked,2689
2025-01-17 15:13:24.13,Super Team Awesome,stage_3_unlocked,916
2025-01-17 15:14:01.137,‚ÑôoNDeterministic,first_light,948
2025-01-17 15:14:17.196,Eradication & Chaos @ r/PictureGame,stage_2_unlocked,1004
2025-01-17 15:14:26.34,Society of Enigmatic Spirits,stage_2_unlocked,1941
2025-01-17 15:14:53.928,Codex Calixtinus,stage_5_unlocked,1965
2025-01-17 15:15:13.16,The Team That Is Now Named Later,stage_5_unlocked,1896
2025-01-17 15:15:16.001,Society of Enigmatic Spirits,first_headphone,1970
2025-01-17 15:15:29.188,Eradication & Chaos @ r/PictureGame,first_headphone,1058
2025-01-17 15:15:39.654,Providence Crime Syndication,station_unlocked,0
2025-01-17 15:16:07.445,"Immoral, Illegal & Fattening",first_magnet,1387
2025-01-17 15:16:08.604,Providence Crime Syndication,first_touch,0
2025-01-17 15:16:09.982,Singles Ready to Stay Inside,stage_5_unlocked,2223
2025-01-17 15:17:23.957,‚òÉ,stage_4_unlocked,3135
2025-01-17 15:17:27.747,The Team Formerly Known as the Team Formerly Known as the Team Formerly Known as the Team Formerly Known as the Team Formerly Known as the Team Formerly Known as The Team To Be Named Later,first_knock,356
2025-01-17 15:17:36.032,The Team Formerly Known as the Team Formerly Known as the Team Formerly Known as the Team Formerly Known as the Team Formerly Known as the Team Formerly Known as The Team To Be Named Later,first_touch,356
2025-01-17 15:17:52.852,Providence Crime Syndication,first_button,129
2025-01-17 15:17:55.802,The Team Formerly Known as the Team Formerly Known as the Team Formerly Known as the Team Formerly Known as the Team Formerly Known as the Team Formerly Known as The Team To Be Named Later,first_button,356
2025-01-17 15:18:06.471,Providence Crime Syndication,first_light,129
2025-01-17 15:18:40.456,Super Team Awesome,stage_4_unlocked,1159
2025-01-17 15:19:03.669,PERSON NAME OVERWATCH PLAYER COLORFUL DESCRIPTOR ENDEARING MONIKER DUBIOUS ACCOMPLISHMENT ONLINE HANDLE HAPPY BIRTHDAY DENNIS ANIME GIRL #1 FAN + friends,station_unlocked,0
2025-01-17 15:19:13.904,Society of Enigmatic Spirits,stage_3_unlocked,2208
2025-01-17 15:19:18.515,‚ÑôoNDeterministic,stage_2_unlocked,1319
2025-01-17 15:19:33.208,"Immoral, Illegal & Fattening",stage_2_unlocked,1594
2025-01-17 15:19:57.167,Providence Crime Syndication,first_knock,248
2025-01-17 15:20:02.018,Amateur Hour,stage_2_unlocked,1965
2025-01-17 15:20:13.272,‚ÑôoNDeterministic,first_headphone,1358
2025-01-17 15:20:35.37,Providence Crime Syndication,stage_1_unlocked,285
2025-01-17 15:20:41.436,Amateur Hour,first_headphone,1995
2025-01-17 15:20:55.416,PERSON NAME OVERWATCH PLAYER COLORFUL DESCRIPTOR ENDEARING MONIKER DUBIOUS ACCOMPLISHMENT ONLINE HANDLE HAPPY BIRTHDAY DENNIS ANIME GIRL #1 FAN + friends,first_touch,64
2025-01-17 15:21:16.223,Providence Crime Syndication,first_magnet,320
2025-01-17 15:22:06.978,The Team Formerly Known as the Team Formerly Known as the Team Formerly Known as the Team Formerly Known as the Team Formerly Known as the Team Formerly Known as The Team To Be Named Later,stage_1_unlocked,663
2025-01-17 15:23:01.384,Super Team Awesome,stage_5_unlocked,1394
2025-01-17 15:23:11.106,"Immoral, Illegal & Fattening",first_headphone,1742
2025-01-17 15:23:22.76,PERSON NAME OVERWATCH PLAYER COLORFUL DESCRIPTOR ENDEARING MONIKER DUBIOUS ACCOMPLISHMENT ONLINE HANDLE HAPPY BIRTHDAY DENNIS ANIME GIRL #1 FAN + friends,first_button,244
2025-01-17 15:23:23.302,The Team Formerly Known as the Team Formerly Known as the Team Formerly Known as the Team Formerly Known as the Team Formerly Known as the Team Formerly Known as The Team To Be Named Later,first_light,716
2025-01-17 15:23:39.482,The Team Formerly Known as the Team Formerly Known as the Team Formerly Known as the Team Formerly Known as the Team Formerly Known as the Team Formerly Known as The Team To Be Named Later,first_magnet,716
2025-01-17 15:23:44.226,Random Puzzle Order,station_unlocked,0
2025-01-17 15:24:08.716,PERSON NAME OVERWATCH PLAYER COLORFUL DESCRIPTOR ENDEARING MONIKER DUBIOUS ACCOMPLISHMENT ONLINE HANDLE HAPPY BIRTHDAY DENNIS ANIME GIRL #1 FAN + friends,first_knock,244
2025-01-17 15:24:21.701,Random Puzzle Order,first_knock,3
2025-01-17 15:24:22.853,PERSON NAME OVERWATCH PLAYER COLORFUL DESCRIPTOR ENDEARING MONIKER DUBIOUS ACCOMPLISHMENT ONLINE HANDLE HAPPY BIRTHDAY DENNIS ANIME GIRL #1 FAN + friends,stage_1_unlocked,314
2025-01-17 15:25:27.241,Random Puzzle Order,first_button,67
2025-01-17 15:25:40.98,Random Puzzle Order,first_touch,67
2025-01-17 15:25:41.143,Central Services,first_magnet,1648
2025-01-17 15:25:41.624,PERSON NAME OVERWATCH PLAYER COLORFUL DESCRIPTOR ENDEARING MONIKER DUBIOUS ACCOMPLISHMENT ONLINE HANDLE HAPPY BIRTHDAY DENNIS ANIME GIRL #1 FAN + friends,first_magnet,364
2025-01-17 15:25:43.713,‚ÑôoNDeterministic,stage_3_unlocked,1695
2025-01-17 15:26:15.14,Space Needle in a Haystack,stage_3_unlocked,2658
2025-01-17 15:26:44.132,Random Puzzle Order,stage_1_unlocked,169
2025-01-17 15:27:49.341,PERSON NAME OVERWATCH PLAYER COLORFUL DESCRIPTOR ENDEARING MONIKER DUBIOUS ACCOMPLISHMENT ONLINE HANDLE HAPPY BIRTHDAY DENNIS ANIME GIRL #1 FAN + friends,stage_2_unlocked,521
2025-01-17 15:28:04.858,‚õé UNICODE EQUIVALENCE,stage_5_unlocked,3301
2025-01-17 15:28:13.29,Central Services,stage_2_unlocked,1783
2025-01-17 15:28:42.347,Random Puzzle Order,first_magnet,233
2025-01-17 15:28:44.004,Central Services,first_light,1812
2025-01-17 15:29:03.565,Central Services,first_headphone,1827
2025-01-17 15:29:18.945,Society of Enigmatic Spirits,stage_4_unlocked,2736
2025-01-17 15:29:22.731,Eradication & Chaos @ r/PictureGame,stage_3_unlocked,1814
2025-01-17 15:29:30.792,PERSON NAME OVERWATCH PLAYER COLORFUL DESCRIPTOR ENDEARING MONIKER DUBIOUS ACCOMPLISHMENT ONLINE HANDLE HAPPY BIRTHDAY DENNIS ANIME GIRL #1 FAN + friends,first_light,576
2025-01-17 15:30:13.794,The Team Formerly Known as the Team Formerly Known as the Team Formerly Known as the Team Formerly Known as the Team Formerly Known as the Team Formerly Known as The Team To Be Named Later,stage_2_unlocked,1150
2025-01-17 15:31:13.293,ü¶¶ü™∑ü™∫,station_unlocked,0
2025-01-17 15:31:28.665,The Team Formerly Known as the Team Formerly Known as the Team Formerly Known as the Team Formerly Known as the Team Formerly Known as the Team Formerly Known as The Team To Be Named Later,first_headphone,1196
2025-01-17 15:31:29.527,Random Puzzle Order,stage_2_unlocked,447
2025-01-17 15:32:03.162,ü¶¶ü™∑ü™∫,first_knock,0
2025-01-17 15:32:07.34,PERSON NAME OVERWATCH PLAYER COLORFUL DESCRIPTOR ENDEARING MONIKER DUBIOUS ACCOMPLISHMENT ONLINE HANDLE HAPPY BIRTHDAY DENNIS ANIME GIRL #1 FAN + friends,first_headphone,756
2025-01-17 15:32:32.107,Grad Unified Theory,stage_5_unlocked,3523
2025-01-17 15:32:51.235,ü¶¶ü™∑ü™∫,first_button,75
2025-01-17 15:32:53.829,Random Puzzle Order,first_light,524
2025-01-17 15:33:07.226,Providence Crime Syndication,stage_2_unlocked,1007
2025-01-17 15:33:12.882,‚ÑôoNDeterministic,stage_4_unlocked,2144
2025-01-17 15:33:52.154,Central Services,stage_3_unlocked,2120
2025-01-17 15:33:55.432,Providence Crime Syndication,first_headphone,1047
2025-01-17 15:34:11.322,Eradication & Chaos @ r/PictureGame,stage_4_unlocked,2057
2025-01-17 15:35:15.863,Random Puzzle Order,first_headphone,670
2025-01-17 15:35:47.792,Amateur Hour,stage_3_unlocked,2727
2025-01-17 15:36:12.05,Society of Enigmatic Spirits,stage_5_unlocked,3143
2025-01-17 15:36:16.735,Spore Giant,stage_5_unlocked,3586
2025-01-17 15:37:17.057,ü¶¶ü™∑ü™∫,first_touch,311
2025-01-17 15:38:47.485,‚ÑôoNDeterministic,stage_5_unlocked,2467
2025-01-17 15:38:51.235,PERSON NAME OVERWATCH PLAYER COLORFUL DESCRIPTOR ENDEARING MONIKER DUBIOUS ACCOMPLISHMENT ONLINE HANDLE HAPPY BIRTHDAY DENNIS ANIME GIRL #1 FAN + friends,stage_3_unlocked,1141
2025-01-17 15:39:16.459,Providence Crime Syndication,stage_3_unlocked,1359
2025-01-17 15:40:08.31,Random Puzzle Order,stage_3_unlocked,932
2025-01-17 15:40:25.858,Central Services,stage_4_unlocked,2458
2025-01-17 15:40:34.467,Space Needle in a Haystack,stage_4_unlocked,3057
2025-01-17 15:40:47.99,ü¶¶ü™∑ü™∫,stage_1_unlocked,524
2025-01-17 15:41:48.59,ü¶¶ü™∑ü™∫,first_light,572
2025-01-17 15:42:08.289,The Lexingtons,station_unlocked,0
2025-01-17 15:42:25.369,ü¶¶ü™∑ü™∫,first_magnet,598
2025-01-17 15:42:39.283,The Lexingtons,first_button,0
2025-01-17 15:42:51.988,Eradication & Chaos @ r/PictureGame,first_light,2469
2025-01-17 15:43:01.298,The Lexingtons,first_touch,46
2025-01-17 15:43:08.999,The Lexingtons,first_knock,46
2025-01-17 15:43:27.514,PERSON NAME OVERWATCH PLAYER COLORFUL DESCRIPTOR ENDEARING MONIKER DUBIOUS ACCOMPLISHMENT ONLINE HANDLE HAPPY BIRTHDAY DENNIS ANIME GIRL #1 FAN + friends,stage_4_unlocked,1385
2025-01-17 15:43:31.861,Random Puzzle Order,stage_4_unlocked,1061
2025-01-17 15:44:21.857,Metaphysical Plant,station_unlocked,57
2025-01-17 15:44:24.128,Metaphysical Plant,first_knock,57
2025-01-17 15:44:31.501,Metaphysical Plant,first_touch,117
2025-01-17 15:44:32.937,Metaphysical Plant,first_button,117
2025-01-17 15:45:13.732,The Lexingtons,stage_1_unlocked,179
2025-01-17 15:45:53.367,Space Needle in a Haystack,stage_5_unlocked,3249
2025-01-17 15:46:31.57,Central Services,stage_5_unlocked,2810
2025-01-17 15:46:34.069,PERSON NAME OVERWATCH PLAYER COLORFUL DESCRIPTOR ENDEARING MONIKER DUBIOUS ACCOMPLISHMENT ONLINE HANDLE HAPPY BIRTHDAY DENNIS ANIME GIRL #1 FAN + friends,stage_5_unlocked,1561
2025-01-17 15:46:46.131,Random Puzzle Order,stage_5_unlocked,1212
2025-01-17 15:46:50.089,Providence Crime Syndication,stage_4_unlocked,1778
2025-01-17 15:48:02.223,Hunches in Bunches,station_unlocked,0
2025-01-17 15:48:10.185,Eradication & Chaos @ r/PictureGame,stage_5_unlocked,2820
2025-01-17 15:48:14.652,The Team Formerly Known as the Team Formerly Known as the Team Formerly Known as the Team Formerly Known as the Team Formerly Known as the Team Formerly Known as The Team To Be Named Later,stage_3_unlocked,2227
2025-01-17 15:49:06.948,Hunches in Bunches,first_knock,54
2025-01-17 15:50:00.985,Providence Crime Syndication,stage_5_unlocked,1905
2025-01-17 15:50:38.43,Metaphysical Plant,stage_1_unlocked,410
2025-01-17 15:50:48.863,Hunches in Bunches,first_button,85
2025-01-17 15:50:49.27,Hunches in Bunches,first_light,85
2025-01-17 15:50:59.403,Hunches in Bunches,first_touch,85
2025-01-17 15:51:15.387,ü¶¶ü™∑ü™∫,stage_2_unlocked,1045
2025-01-17 15:51:16.889,Hunches in Bunches,stage_1_unlocked,145
2025-01-17 15:51:41.288,Hunches in Bunches,first_magnet,145
2025-01-17 15:52:33.839,Metaphysical Plant,first_magnet,522
2025-01-17 15:54:18.885,The Team Formerly Known as the Team Formerly Known as the Team Formerly Known as the Team Formerly Known as the Team Formerly Known as the Team Formerly Known as The Team To Be Named Later,stage_4_unlocked,2591
2025-01-17 15:54:37.855,ü¶¶ü™∑ü™∫,first_headphone,1204
2025-01-17 15:55:30.759,Hunches in Bunches,stage_2_unlocked,389
2025-01-17 15:55:41.176,Amateur Hour,stage_4_unlocked,3514
2025-01-17 15:55:47.71,Metaphysical Plant,first_light,702
2025-01-17 15:56:11.743,Hunches in Bunches,first_headphone,418
2025-01-17 15:56:23.236,The Lexingtons,first_magnet,828
2025-01-17 15:56:37.666,"Immoral, Illegal & Fattening",stage_3_unlocked,2713
2025-01-17 15:57:52.468,Hunches in Bunches,stage_3_unlocked,526
2025-01-17 16:00:09.827,Hunches in Bunches,stage_4_unlocked,641
2025-01-17 16:00:26.026,ü¶¶ü™∑ü™∫,stage_3_unlocked,1541
2025-01-17 16:01:12.197,‚òÉ,first_light,5288
2025-01-17 16:01:14.458,The Team Formerly Known as the Team Formerly Known as the Team Formerly Known as the Team Formerly Known as the Team Formerly Known as the Team Formerly Known as The Team To Be Named Later,stage_5_unlocked,2973
2025-01-17 16:02:05.874,The Lexingtons,stage_2_unlocked,1156
2025-01-17 16:02:45.257,The Lexingtons,first_light,1156
2025-01-17 16:03:35.339,Hunches in Bunches,stage_5_unlocked,829
2025-01-17 16:05:04.134,The Lexingtons,first_headphone,1327
2025-01-17 16:05:47.666,ü¶¶ü™∑ü™∫,stage_4_unlocked,1743
2025-01-17 16:08:01.598,‚òÉ,stage_5_unlocked,5620
2025-01-17 16:09:53.555,Metaphysical Plant,stage_2_unlocked,1490
2025-01-17 16:10:26.759,ü¶¶ü™∑ü™∫,stage_5_unlocked,1984
2025-01-17 16:11:43.508,"Immoral, Illegal & Fattening",stage_4_unlocked,3489
2025-01-17 16:16:57.871,Metaphysical Plant,first_headphone,1867
2025-01-17 16:17:12.26,Amateur Hour,stage_5_unlocked,4435
2025-01-17 16:17:46.74,The Lexingtons,stage_3_unlocked,2079
2025-01-17 16:21:12.469,Metaphysical Plant,stage_3_unlocked,2123
2025-01-17 16:21:19.762,Occam's Depilatory Gel,station_unlocked,0
2025-01-17 16:21:53.057,Occam's Depilatory Gel,first_knock,11
2025-01-17 16:22:35.264,Occam's Depilatory Gel,first_button,71
2025-01-17 16:23:33.138,Flock of Wiki Worms,station_unlocked,0
2025-01-17 16:24:55.128,Occam's Depilatory Gel,first_touch,187
2025-01-17 16:25:01.472,Flock of Wiki Worms,first_knock,54
2025-01-17 16:25:08.953,"Immoral, Illegal & Fattening",stage_5_unlocked,4242
2025-01-17 16:25:56.642,Flock of Wiki Worms,first_button,55
2025-01-17 16:26:35.229,Metaphysical Plant,stage_4_unlocked,2416
2025-01-17 16:27:03.742,Flock of Wiki Worms,first_touch,175
2025-01-17 16:27:43.345,Flock of Wiki Worms,stage_1_unlocked,216
2025-01-17 16:29:26.983,Occam's Depilatory Gel,first_light,427
2025-01-17 16:29:33.225,Flock of Wiki Worms,first_magnet,295
2025-01-17 16:31:56.266,Metaphysical Plant,stage_5_unlocked,2727
2025-01-17 16:35:09.072,The Lexingtons,stage_4_unlocked,2771
2025-01-17 16:41:42.419,Flock of Wiki Worms,first_light,870
2025-01-17 16:48:26.315,Occam's Depilatory Gel,stage_1_unlocked,1344
2025-01-17 16:50:55.412,Occam's Depilatory Gel,first_magnet,1457
2025-01-17 16:55:39.263,Dumb 'n' Based,station_unlocked,0
2025-01-17 16:58:05.476,Dumb 'n' Based,first_button,116
2025-01-17 16:58:40.102,Flock of Wiki Worms,stage_2_unlocked,1715
2025-01-17 16:58:54.703,Dumb 'n' Based,first_knock,176
2025-01-17 16:58:57.711,Dumb 'n' Based,first_touch,176
2025-01-17 16:59:14.607,Flock of Wiki Worms,first_headphone,1745
2025-01-17 16:59:35.168,Dumb 'n' Based,stage_1_unlocked,233
2025-01-17 17:00:52.114,The Lexingtons,stage_5_unlocked,3866
2025-01-17 17:07:53.409,Occam's Depilatory Gel,stage_4_unlocked,2489
2025-01-17 17:08:09.313,Dumb 'n' Based,first_magnet,715
2025-01-17 17:09:10.275,Flock of Wiki Worms,stage_3_unlocked,2258
2025-01-17 17:09:57.869,Dumb 'n' Based,stage_2_unlocked,840
2025-01-17 17:10:57.607,Occam's Depilatory Gel,stage_5_unlocked,2673
2025-01-17 17:11:00.529,Dumb 'n' Based,first_light,895
2025-01-17 17:12:42.325,Flock of Wiki Worms,stage_4_unlocked,2454
2025-01-17 17:12:46.64,Dumb 'n' Based,first_headphone,955
2025-01-17 17:16:54.405,Dumb 'n' Based,stage_3_unlocked,1257
2025-01-17 17:19:26.409,Waffleha√ºs,station_unlocked,0
2025-01-17 17:19:57.229,Waffleha√ºs,first_touch,11
2025-01-17 17:20:33.171,Waffleha√ºs,first_button,11
2025-01-17 17:21:25.603,Waffleha√ºs,first_knock,71
2025-01-17 17:22:35.977,Flock of Wiki Worms,stage_5_unlocked,2978
2025-01-17 17:22:40.035,Dumb 'n' Based,stage_4_unlocked,1602
2025-01-17 17:23:29.123,Waffleha√ºs,stage_1_unlocked,189
2025-01-17 17:32:46.759,Dumb 'n' Based,stage_5_unlocked,2138
2025-01-17 17:34:14.994,Team Unseen,station_unlocked,81
2025-01-17 17:35:07.297,Team Unseen,first_touch,103
2025-01-17 17:35:15.602,Team Unseen,first_knock,103
2025-01-17 17:37:41.304,Team Unseen,first_button,283
2025-01-17 17:37:57.706,Team Unseen,stage_1_unlocked,304
2025-01-17 17:39:03.228,Tetacetera,station_unlocked,0
2025-01-17 17:39:49.87,Tetacetera,first_button,0
2025-01-17 17:39:50.709,Tetacetera,first_knock,0
2025-01-17 17:42:02.983,Tetacetera,first_touch,119
2025-01-17 17:44:03.202,Tetacetera,stage_1_unlocked,296
2025-01-17 17:44:24.003,Waffleha√ºs,first_light,1314
2025-01-17 17:44:37.408,Tetacetera,first_magnet,299
2025-01-17 17:44:49.085,Tetacetera,first_light,299
2025-01-17 17:45:05.599,Waffleha√ºs,first_magnet,1374
2025-01-17 17:48:48.042,Team Unseen,first_magnet,895
2025-01-17 17:50:40.016,Tetacetera,stage_2_unlocked,693
2025-01-17 17:51:43.396,Tetacetera,first_headphone,723
2025-01-17 17:51:55.262,Team Unseen,stage_2_unlocked,1097
2025-01-17 17:53:24.235,ET Phone in Answer,station_unlocked,0
2025-01-17 17:53:27.952,Team Unseen,first_headphone,1162
2025-01-17 17:54:01.542,ET Phone in Answer,first_button,0
2025-01-17 17:54:41.005,ET Phone in Answer,first_knock,39
2025-01-17 17:54:54.182,ET Phone in Answer,first_touch,39
2025-01-17 17:55:25.442,Team Unseen,stage_3_unlocked,1293
2025-01-17 17:55:44.887,Waffleha√ºs,stage_2_unlocked,1984
2025-01-17 17:57:02.406,Waffleha√ºs,first_headphone,2049
2025-01-17 17:58:38.056,ET Phone in Answer,stage_1_unlocked,310
2025-01-17 17:58:57.04,Team Unseen,stage_4_unlocked,1495
2025-01-17 17:59:51.949,Tetacetera,stage_3_unlocked,1218
2025-01-17 18:06:58.111,Team Unseen,first_light,1966
2025-01-17 18:09:52.696,Waffleha√ºs,stage_3_unlocked,2718
2025-01-17 18:15:25.54,Tetacetera,stage_4_unlocked,1933
2025-01-17 18:15:37.806,Team Unseen,stage_5_unlocked,2484
2025-01-17 18:18:58.06,Waffleha√ºs,stage_4_unlocked,3244
2025-01-17 18:22:37.259,Quarantine Decrypters,station_unlocked,0
2025-01-17 18:24:19.514,Quarantine Decrypters,first_knock,30
2025-01-17 18:28:01.652,Quarantine Decrypters,first_button,202
2025-01-17 18:28:17.116,Quarantine Decrypters,first_touch,262
2025-01-17 18:29:10.28,Tetacetera,stage_5_unlocked,2656
2025-01-17 18:30:11.409,Quarantine Decrypters,stage_1_unlocked,377
2025-01-17 18:39:50.724,Om Nom Nom Nom,station_unlocked,0
2025-01-17 18:40:20.748,Om Nom Nom Nom,first_button,7
2025-01-17 18:42:46.137,Om Nom Nom Nom,first_knock,126
2025-01-17 18:43:27.407,Om Nom Nom Nom,first_touch,126
2025-01-17 18:45:55.722,Om Nom Nom Nom,stage_1_unlocked,318
2025-01-17 18:47:18.142,ET Phone in Answer,first_magnet,2393
2025-01-17 18:47:39.126,Ange Management,station_unlocked,0
2025-01-17 18:49:38,Ange Management,first_knock,27
2025-01-17 18:49:40.154,Waffleha√ºs,stage_5_unlocked,4809
2025-01-17 18:51:02.042,Ange Management,first_button,143
2025-01-17 18:52:55.732,ET Phone in Answer,stage_4_unlocked,2698
2025-01-17 18:53:32.314,ET Phone in Answer,first_light,2698
2025-01-17 18:54:27.079,Ange Management,first_touch,325
2025-01-17 18:54:54.872,Cardinality,station_unlocked,0
2025-01-17 18:55:35.607,ET Phone in Answer,stage_5_unlocked,2858
2025-01-17 18:56:40.406,Cardinality,first_button,54
2025-01-17 18:57:03.059,Cardinality,first_knock,54
2025-01-17 18:57:07.157,Cardinality,first_touch,106
2025-01-17 18:59:27.038,Cardinality,stage_1_unlocked,247
2025-01-17 19:07:10.069,Cardinality,first_light,578
2025-01-17 19:15:00.388,Om Nom Nom Nom,first_magnet,1828
2025-01-17 19:16:46.009,Cardinality,first_magnet,751
2025-01-17 19:29:51.194,Cardinality,stage_2_unlocked,1240
2025-01-17 19:30:25.292,Cardinality,first_headphone,1270
2025-01-17 19:33:54.685,Ange Management,stage_1_unlocked,885
2025-01-17 19:47:03.44,Black Dynamite,station_unlocked,0
2025-01-17 19:48:04.852,Cardinality,stage_3_unlocked,2015
2025-01-17 19:49:14.561,Black Dynamite,first_knock,109
2025-01-17 19:49:33.124,Black Dynamite,first_touch,115
2025-01-17 19:50:15.264,Black Dynamite,first_button,115
2025-01-17 19:53:58.416,Black Dynamite,stage_1_unlocked,393
2025-01-17 19:54:25.451,Cardinality,stage_4_unlocked,2179
2025-01-17 19:55:34.376,Om Nom Nom Nom,stage_4_unlocked,3582
2025-01-17 20:01:02.344,Om Nom Nom Nom,first_light,3879
2025-01-17 20:01:25.995,Om Nom Nom Nom,stage_5_unlocked,3922
2025-01-17 20:03:03.908,Cardinality,stage_5_unlocked,2451
2025-01-17 20:05:15.699,Om Nom Nom Nom,first_headphone,4099
2025-01-17 20:16:31.427,Black Dynamite,first_light,1334
2025-01-17 20:31:55.657,Shower Pomelo üçà,stage_5_unlocked,0
2025-01-17 20:39:35.186,Ange Management,first_light,2619
2025-01-17 20:45:19.914,Shower Pomelo üçà,station_unlocked,0
2025-01-17 20:45:37.19,Shower Pomelo üçà,first_button,0
2025-01-17 20:49:46.13,Shower Pomelo üçà,first_touch,240
2025-01-17 20:49:47.23,Shower Pomelo üçà,first_knock,240
2025-01-17 21:02:01.478,JAKS,station_unlocked,0
2025-01-17 21:03:01.319,JAKS,first_button,18
2025-01-17 21:03:10.942,JAKS,first_touch,18
2025-01-17 21:05:11.763,JAKS,first_knock,138
2025-01-17 21:06:37.849,JAKS,stage_1_unlocked,275
2025-01-17 21:07:06.696,Ange Management,first_magnet,3637
2025-01-17 21:16:56.664,JAKS,first_light,814
2025-01-17 21:18:11.016,JAKS,first_magnet,874
2025-01-17 21:32:08.227,Ange Management,stage_4_unlocked,4545
2025-01-17 21:35:16.416,My Team (2) (edited),station_unlocked,0
2025-01-17 21:36:33.124,My Team (2) (edited),first_button,54
2025-01-17 21:36:39.465,My Team (2) (edited),first_knock,54
2025-01-17 21:36:52.463,My Team (2) (edited),first_touch,54
2025-01-17 21:37:24.285,JAKS,stage_2_unlocked,1939
2025-01-17 21:37:25.772,Lard Cakes,station_unlocked,0
2025-01-17 21:37:28.323,My Team (2) (edited),stage_1_unlocked,109
2025-01-17 21:38:53.482,Lard Cakes,first_button,54
2025-01-17 21:39:11.715,Lard Cakes,first_touch,63
2025-01-17 21:40:29.458,Lard Cakes,first_knock,143
2025-01-17 21:41:46.637,Lard Cakes,stage_1_unlocked,223
2025-01-17 21:42:09.222,Ange Management,stage_5_unlocked,5138
2025-01-17 21:43:13.423,My Team (2) (edited),first_light,413
2025-01-17 21:43:33.01,Ange Management,first_headphone,5192
2025-01-17 21:46:03.16,My Team (2) (edited),first_magnet,593
2025-01-17 21:47:23.738,Lard Cakes,first_magnet,546
2025-01-17 21:48:22.647,Lard Cakes,first_light,575
2025-01-17 21:54:07.979,Stumped and Furious,station_unlocked,0
2025-01-17 21:54:19.818,Lard Cakes,stage_2_unlocked,944
2025-01-17 21:55:06.544,Stumped and Furious,first_button,54
2025-01-17 21:55:50.981,Stumped and Furious,first_touch,54
2025-01-17 21:56:16.001,Lard Cakes,first_headphone,1046
2025-01-17 21:57:12.494,Stumped and Furious,first_knock,167
2025-01-17 22:01:00.483,Stumped and Furious,stage_1_unlocked,408
2025-01-17 22:01:22.354,Stumped and Furious,first_magnet,408
2025-01-17 22:03:27.34,JAKS,first_headphone,3044
2025-01-17 22:05:38.369,Stumped and Furious,stage_2_unlocked,686
2025-01-17 22:06:10.204,Stumped and Furious,first_light,715
2025-01-17 22:06:58.336,Stumped and Furious,first_headphone,715
2025-01-17 22:09:51.865,Lard Cakes,stage_3_unlocked,1651
2025-01-17 22:11:15.552,Donner Party,station_unlocked,0
2025-01-17 22:12:34.287,Donner Party,first_touch,55
2025-01-17 22:13:35.906,Stumped and Furious,stage_3_unlocked,1161
2025-01-17 22:14:10.7,Lard Cakes,stage_4_unlocked,1820
2025-01-17 22:18:27.318,Lard Cakes,stage_5_unlocked,2028
2025-01-17 22:21:57.234,Stumped and Furious,stage_4_unlocked,1638
2025-01-17 22:25:28.72,Donner Party,first_knock,721
2025-01-17 22:30:03.996,Donner Party,first_button,961
2025-01-17 22:32:50.713,Donner Party,stage_1_unlocked,1184
2025-01-17 22:34:57.76,Donner Party,first_magnet,1261
2025-01-17 22:35:42.285,Stumped and Furious,stage_5_unlocked,2436
2025-01-17 22:48:10.287,Donner Party,first_light,2088
2025-01-17 22:51:25.659,JAKS,stage_3_unlocked,5462
2025-01-17 22:54:16.142,Donner Party,stage_4_unlocked,2431
2025-01-17 22:57:20.954,Donner Party,stage_5_unlocked,2616
2025-01-17 23:00:56.283,My Team (2) (edited),stage_2_unlocked,1831
2025-01-17 23:01:26.574,My Team (2) (edited),first_headphone,1860
2025-01-17 23:04:25.097,JAKS,stage_4_unlocked,5909
2025-01-17 23:06:26.536,My Team (2) (edited),stage_3_unlocked,2160
2025-01-17 23:12:54.938,My Team (2) (edited),stage_4_unlocked,2481
2025-01-17 23:29:49.863,My Team (2) (edited),stage_5_unlocked,3342
2025-01-17 23:30:30.505,Control Group,station_unlocked,0
2025-01-17 23:31:01.899,Control Group,first_touch,0
2025-01-17 23:32:06.001,Control Group,first_light,35
2025-01-17 23:32:34.128,Control Group,first_knock,95
2025-01-17 23:35:33.484,Control Group,first_button,218
2025-01-17 23:36:24.755,Control Group,stage_1_unlocked,294
2025-01-17 23:36:48.826,Control Group,first_magnet,294
2025-01-18 00:01:08.983,Control Group,stage_2_unlocked,1633
2025-01-18 00:03:10.609,Control Group,first_headphone,1747
2025-01-18 00:13:52.307,French Fries,station_unlocked,0
2025-01-18 00:14:17.597,French Fries,first_touch,0
2025-01-18 00:15:35.577,Control Group,stage_3_unlocked,2354
2025-01-18 00:16:27.648,French Fries,first_knock,115
2025-01-18 00:17:42.916,French Fries,first_button,175
2025-01-18 00:17:53.459,French Fries,stage_1_unlocked,231
2025-01-18 00:18:44.77,French Fries,first_magnet,234
2025-01-18 00:20:15.145,Black Dynamite,first_magnet,2674
2025-01-18 00:26:28.485,Control Group,stage_4_unlocked,2851
2025-01-18 00:39:07.584,Control Group,stage_5_unlocked,3533
2025-01-18 00:42:31.28,French Fries,first_light,1438
2025-01-18 00:45:00.394,French Fries,stage_2_unlocked,1622
2025-01-18 00:46:11.544,French Fries,first_headphone,1678
2025-01-18 00:47:30.634,French Fries,stage_3_unlocked,1772
2025-01-18 00:53:13.765,French Fries,stage_4_unlocked,2116
2025-01-18 00:57:51.991,French Fries,stage_5_unlocked,2382
2025-01-18 01:02:44.959,Black Dynamite,stage_4_unlocked,3535
2025-01-18 01:10:36.5,Black Dynamite,stage_5_unlocked,4007
2025-01-18 01:20:25.883,Fishterious Mysterfishies,station_unlocked,0
2025-01-18 01:23:05.537,Fishterious Mysterfishies,first_button,88
2025-01-18 01:23:41.887,Fishterious Mysterfishies,first_touch,118
2025-01-18 01:24:09.717,Fishterious Mysterfishies,first_knock,178
2025-01-18 01:25:19.667,Fishterious Mysterfishies,stage_1_unlocked,248
2025-01-18 01:31:34.57,Fishterious Mysterfishies,first_magnet,598
2025-01-18 01:34:17.586,Fishterious Mysterfishies,first_light,773
2025-01-18 01:43:58.595,Fishterious Mysterfishies,stage_2_unlocked,1231
2025-01-18 01:45:08.427,Fishterious Mysterfishies,first_headphone,1298
2025-01-18 01:53:22.415,Fishterious Mysterfishies,stage_3_unlocked,1793
2025-01-18 01:56:06.565,Fishterious Mysterfishies,stage_4_unlocked,1943
2025-01-18 02:11:35.945,Fishterious Mysterfishies,stage_5_unlocked,2872
2025-01-18 10:09:51.211,Quarantine Decrypters,first_magnet,90
2025-01-18 10:10:51.653,On Search,station_unlocked,0
2025-01-18 10:12:37.082,On Search,first_knock,93
2025-01-18 10:14:54.295,On Search,first_button,220
2025-01-18 10:15:40.909,On Search,first_touch,220
2025-01-18 10:19:52.078,On Search,stage_1_unlocked,521
2025-01-18 10:21:52.58,Puzzkill,station_unlocked,0
2025-01-18 10:55:56.98,Puzzkill,first_button,344
2025-01-18 10:58:38.298,Puzzkill,first_touch,468
2025-01-18 11:01:15.371,Puzzkill,first_knock,641
2025-01-18 11:04:27.167,Puzzkill,stage_1_unlocked,840
2025-01-18 11:10:45.111,ÂñµÂñµÂñµ,station_unlocked,0
2025-01-18 11:34:02.301,Puzzkill,first_light,2231
2025-01-18 12:33:58.339,Quarantine Decrypters,first_light,346
2025-01-18 12:35:49.096,davidteam,station_unlocked,0
2025-01-18 12:37:04.303,davidteam,first_knock,18
2025-01-18 12:37:13.275,davidteam,first_touch,78
2025-01-18 12:39:52.982,Anagalactic Scooby Gang,station_unlocked,0
2025-01-18 12:39:56.627,The Moment I Knew,station_unlocked,0
2025-01-18 12:40:45.509,The Moment I Knew,first_button,0
2025-01-18 12:40:47.253,The Moment I Knew,first_touch,0
2025-01-18 12:40:54.464,The Moment I Knew,first_knock,32
2025-01-18 12:41:17.703,davidteam,first_button,318
2025-01-18 12:41:35.272,Anagalactic Scooby Gang,first_button,0
2025-01-18 12:41:43.097,davidteam,stage_1_unlocked,353
2025-01-18 12:42:26.325,The Moment I Knew,stage_1_unlocked,125
2025-01-18 12:42:47.476,The Moment I Knew,first_magnet,125
2025-01-18 12:43:32.761,HighFive,station_unlocked,0
2025-01-18 12:44:20.118,Anagalactic Scooby Gang,first_knock,176
2025-01-18 12:45:09.679,Anagalactic Scooby Gang,first_touch,236
2025-01-18 12:45:18.003,HighFive,first_knock,102
2025-01-18 12:45:28.625,Anagalactic Scooby Gang,stage_1_unlocked,265
2025-01-18 12:46:07.329,HighFive,first_button,105
2025-01-18 12:46:12.862,HighFive,first_touch,105
2025-01-18 12:46:29.874,HighFive,first_light,165
2025-01-18 12:47:13.275,HighFive,stage_1_unlocked,216
2025-01-18 12:47:49.322,HighFive,first_magnet,225
2025-01-18 12:48:14.78,Puzzkill,first_magnet,2652
2025-01-18 12:52:26.987,Puzzkill,stage_4_unlocked,2886
2025-01-18 12:54:45.377,Anagalactic Scooby Gang,first_magnet,672
2025-01-18 12:56:33.519,Puzzkill,stage_5_unlocked,3133
2025-01-18 12:57:56.743,Puzzkill,first_headphone,3192
2025-01-18 13:01:46.858,HighFive,stage_2_unlocked,1090
2025-01-18 13:02:55.587,HighFive,first_headphone,1120
2025-01-18 13:06:12.027,The Moment I Knew,stage_2_unlocked,1185
2025-01-18 13:07:07.018,The Moment I Knew,first_headphone,1228
2025-01-18 13:15:25.991,Anagalactic Scooby Gang,stage_2_unlocked,1896
2025-01-18 13:16:11.715,Donner Party,first_headphone,50372
2025-01-18 13:16:16.245,HighFive,stage_3_unlocked,1773
2025-01-18 13:17:18.094,Anagalactic Scooby Gang,first_light,1988
2025-01-18 13:18:42.102,Anagalactic Scooby Gang,first_headphone,2048
2025-01-18 13:19:10.799,Real Thieves Nabbing Paintings,station_unlocked,0
2025-01-18 13:20:13.2,Real Thieves Nabbing Paintings,first_button,54
2025-01-18 13:20:42.277,Real Thieves Nabbing Paintings,first_knock,54
2025-01-18 13:20:52.447,Real Thieves Nabbing Paintings,first_touch,54
2025-01-18 13:21:05.738,Real Thieves Nabbing Paintings,first_light,54
2025-01-18 13:22:13.888,The Moment I Knew,stage_3_unlocked,2107
2025-01-18 13:23:24.728,The Moment I Knew,first_light,2148
2025-01-18 13:23:49.221,On Search,first_light,3779
2025-01-18 13:24:41.164,Real Thieves Nabbing Paintings,stage_1_unlocked,320
2025-01-18 13:25:28.607,HighFive,stage_4_unlocked,2040
2025-01-18 13:25:34.724,Real Thieves Nabbing Paintings,first_magnet,353
2025-01-18 13:26:10.324,On Search,first_magnet,3959
2025-01-18 13:27:31.313,davidteam,first_light,753
2025-01-18 13:32:25.819,ET Phone in Answer,first_headphone,5312
2025-01-18 13:33:40.547,HighFive,stage_5_unlocked,2326
2025-01-18 13:34:03.585,Anagalactic Scooby Gang,stage_3_unlocked,2950
2025-01-18 13:34:04.671,The Moment I Knew,stage_4_unlocked,2516
2025-01-18 13:36:46.432,On Search,stage_4_unlocked,4576
2025-01-18 14:02:13.338,On Search,stage_5_unlocked,5679
2025-01-18 14:04:01.332,Anagalactic Scooby Gang,stage_4_unlocked,4409
2025-01-18 14:05:58.622,Black Dynamite,first_headphone,7430
2025-01-18 14:24:50.703,Anagalactic Scooby Gang,stage_5_unlocked,5463
2025-01-18 14:26:01.134,The Moment I Knew,stage_5_unlocked,3636
2025-01-18 14:29:09.709,ÂñµÂñµÂñµ,first_knock,730
2025-01-18 14:36:28.451,davidteam,first_magnet,1820
2025-01-18 14:48:48.621,Grand Unified Theory of Love,station_unlocked,0
2025-01-18 14:49:26.018,Grand Unified Theory of Love,first_knock,0
2025-01-18 14:50:09.045,Grand Unified Theory of Love,first_touch,29
2025-01-18 14:51:10.061,Grand Unified Theory of Love,first_button,89
2025-01-18 14:52:35.672,Grand Unified Theory of Love,stage_1_unlocked,218
2025-01-18 15:00:05.553,Grand Unified Theory of Love,first_light,629
2025-01-18 15:09:21.145,Grand Unified Theory of Love,first_magnet,1145
2025-01-18 15:10:50.433,Real Thieves Nabbing Paintings,stage_5_unlocked,4644
2025-01-18 15:37:07.244,seep susan,station_unlocked,0
2025-01-18 15:39:02.107,seep susan,first_knock,54
2025-01-18 15:40:02.943,seep susan,first_button,109
2025-01-18 15:40:08.197,seep susan,first_touch,109
2025-01-18 15:40:17.707,seep susan,stage_1_unlocked,130
2025-01-18 15:41:16.342,davidteam,stage_4_unlocked,3389
2025-01-18 15:45:53.723,davidteam,stage_5_unlocked,3635
2025-01-18 15:49:48.068,Real Thieves Nabbing Paintings,first_headphone,4753
2025-01-18 16:01:35.992,Grand Unified Theory of Love,stage_2_unlocked,2222
2025-01-18 16:02:32.301,Grand Unified Theory of Love,first_headphone,2227
2025-01-18 16:03:10.611,Quarantine Decrypters,stage_2_unlocked,1536
2025-01-18 16:03:41.535,Quarantine Decrypters,first_headphone,1536
2025-01-18 16:07:28.079,Quarantine Decrypters,stage_3_unlocked,1794
2025-01-18 16:08:12.756,Grand Unified Theory of Love,stage_3_unlocked,2619
2025-01-18 16:10:49.657,seep susan,first_magnet,1801
2025-01-18 16:11:22.808,dootdoot,station_unlocked,0
2025-01-18 16:11:34.736,Plane Tickets are Expensive,station_unlocked,62
2025-01-18 16:11:53.097,Plane Tickets are Expensive,first_button,62
2025-01-18 16:11:58.349,dootdoot,first_light,0
2025-01-18 16:12:03.265,dootdoot,first_knock,37
2025-01-18 16:12:05.956,dootdoot,first_touch,37
2025-01-18 16:12:28.836,Plane Tickets are Expensive,first_knock,122
2025-01-18 16:12:39.207,dootdoot,first_button,37
2025-01-18 16:12:58.528,Plane Tickets are Expensive,first_touch,122
2025-01-18 16:13:16.727,Plane Tickets are Expensive,stage_1_unlocked,174
2025-01-18 16:14:32.85,dootdoot,stage_1_unlocked,188
2025-01-18 16:15:28.785,dootdoot,first_magnet,188
2025-01-18 16:16:20.945,Quarantine Decrypters,stage_4_unlocked,2303
2025-01-18 16:16:48.27,Grand Unified Theory of Love,stage_4_unlocked,3124
2025-01-18 16:18:09.698,Plane Tickets are Expensive,first_light,409
2025-01-18 16:21:50.216,Rain Gang,station_unlocked,0
2025-01-18 16:22:22.603,Rain Gang,first_touch,0
2025-01-18 16:22:29.418,Quarantine Decrypters,stage_5_unlocked,2605
2025-01-18 16:22:58.937,Rain Gang,first_button,53
2025-01-18 16:23:43.151,Rain Gang,first_knock,109
2025-01-18 16:26:48.308,Rain Gang,stage_1_unlocked,274
2025-01-18 16:34:30.57,Grand Unified Theory of Love,stage_5_unlocked,4071
2025-01-18 16:41:28.393,seep susan,first_light,3176
2025-01-18 16:42:20.97,team chips for now,station_unlocked,0
2025-01-18 16:42:49.354,team chips for now,first_knock,0
2025-01-18 16:43:20.989,dootdoot,stage_2_unlocked,1605
2025-01-18 16:44:18.549,team chips for now,first_button,110
2025-01-18 16:44:24.831,ladderdogs,station_unlocked,0
2025-01-18 16:44:35.937,team chips for now,first_touch,110
2025-01-18 16:44:40.233,dootdoot,first_headphone,1677
2025-01-18 16:45:55.608,team chips for now,stage_1_unlocked,213
2025-01-18 16:47:09.035,Plane Tickets are Expensive,first_magnet,1487
2025-01-18 16:50:08.649,team chips for now,first_magnet,410
2025-01-18 16:53:19.63,team chips for now,stage_2_unlocked,657
2025-01-18 16:53:54.007,team chips for now,first_headphone,686
2025-01-18 16:54:30.147,team chips for now,first_light,707
2025-01-18 16:58:17.314,dootdoot,stage_3_unlocked,2284
2025-01-18 17:00:29.89,Rain Gang,first_light,2049
2025-01-18 17:03:40.259,Plane Tickets are Expensive,stage_2_unlocked,2044
2025-01-18 17:05:02.719,Plane Tickets are Expensive,first_headphone,2110
2025-01-18 17:11:26.694,dootdoot,stage_4_unlocked,2765
2025-01-18 17:12:13.595,Plane Tickets are Expensive,stage_3_unlocked,2501
2025-01-18 17:12:15.934,team chips for now,stage_3_unlocked,1709
2025-01-18 17:15:48.449,team chips for now,stage_4_unlocked,1922
2025-01-18 17:19:00.869,21K,station_unlocked,0
2025-01-18 17:19:45.293,team chips for now,stage_5_unlocked,2137
2025-01-18 17:19:49.114,Shower Pomelo üçà,first_light,7690
2025-01-18 17:20:18.636,21K,first_knock,33
2025-01-18 17:20:49.111,Shower Pomelo üçà,first_magnet,7726
2025-01-18 17:21:26.425,21K,first_button,93
2025-01-18 17:21:34.334,21K,first_touch,93
2025-01-18 17:21:51.92,21K,stage_1_unlocked,168
2025-01-18 17:23:42.8,Shower Pomelo üçà,first_headphone,7778
2025-01-18 17:23:48.247,21K,first_magnet,273
2025-01-18 17:25:47.288,dootdoot,stage_5_unlocked,3411
2025-01-18 17:25:58.809,21K,stage_2_unlocked,415
2025-01-18 17:26:43.691,21K,first_light,453
2025-01-18 17:34:48.539,Plane Tickets are Expensive,stage_4_unlocked,3294
2025-01-18 17:44:25.888,seep susan,stage_4_unlocked,3800
2025-01-18 17:47:29.257,Plane Tickets are Expensive,stage_5_unlocked,3851
2025-01-18 17:48:40.541,seep susan,stage_5_unlocked,4054
2025-01-18 17:48:56.592,ManateeM,first_headphone,27425
2025-01-18 17:51:05.485,Rain Gang,first_magnet,4143
2025-01-18 17:57:44.237,Rain Gang,stage_4_unlocked,4525
2025-01-18 18:02:06.155,21K,first_headphone,1893
2025-01-18 18:04:14.775,Rain Gang,stage_5_unlocked,4915
2025-01-18 18:06:07.698,21K,stage_3_unlocked,2173
2025-01-18 18:22:54.587,21K,stage_4_unlocked,2752
2025-01-18 18:31:45.768,21K,stage_5_unlocked,3283
2025-01-18 18:45:19.715,Rain Gang,first_headphone,7296
2025-01-18 19:36:55.864,iloveiloveegg,station_unlocked,0
2025-01-18 19:37:46.217,iloveiloveegg,first_button,36
2025-01-18 19:38:24.946,iloveiloveegg,first_knock,36
2025-01-18 19:39:33.74,iloveiloveegg,first_touch,96
2025-01-18 19:41:04.7,iloveiloveegg,stage_1_unlocked,243
2025-01-18 19:45:39.847,seep susan,first_headphone,4287
2025-01-18 19:46:07.185,iloveiloveegg,first_magnet,496
2025-01-18 19:47:48.869,iloveiloveegg,stage_2_unlocked,628
2025-01-18 19:48:30.629,iloveiloveegg,first_light,628
2025-01-18 19:53:59.13,iloveiloveegg,first_headphone,976
2025-01-18 19:57:07.479,iloveiloveegg,stage_3_unlocked,1187
2025-01-18 20:11:09.756,Vaguely Eloquent Team,station_unlocked,0
2025-01-18 20:14:25.703,Vaguely Eloquent Team,first_knock,54
2025-01-18 20:15:35.197,Vaguely Eloquent Team,first_button,109
2025-01-18 20:16:28.467,Vaguely Eloquent Team,first_touch,125
2025-01-18 20:19:18.76,Vaguely Eloquent Team,stage_1_unlocked,323
2025-01-18 20:30:24.784,Vaguely Eloquent Team,first_light,868
2025-01-18 20:31:25.203,Vaguely Eloquent Team,first_magnet,871
2025-01-18 20:37:58.011,Vaguely Eloquent Team,stage_2_unlocked,1206
2025-01-18 20:38:44.839,Vaguely Eloquent Team,first_headphone,1236
2025-01-18 20:42:16.759,Vaguely Eloquent Team,stage_3_unlocked,1462
2025-01-18 20:50:54.932,Vaguely Eloquent Team,stage_4_unlocked,1980
2025-01-18 20:54:20.128,Vaguely Eloquent Team,stage_5_unlocked,2172
2025-01-18 20:58:30.31,Duck Soup,station_unlocked,0
2025-01-18 20:58:58.497,Duck Soup,first_touch,0
2025-01-18 20:59:28.968,Duck Soup,first_button,46
2025-01-18 21:04:24.496,Duck Soup,first_knock,346
2025-01-18 21:06:46.862,Duck Soup,first_light,436
2025-01-18 21:10:38.07,Duck Soup,stage_1_unlocked,680
2025-01-18 21:11:09.091,Duck Soup,first_magnet,680
2025-01-18 21:13:19.782,iloveiloveegg,stage_4_unlocked,2019
2025-01-18 21:13:30.088,ladderdogs,stage_5_unlocked,2389
2025-01-18 21:20:23.81,iloveiloveegg,stage_5_unlocked,2434
2025-01-18 22:23:21.881,Duck Soup,stage_4_unlocked,2684
2025-01-18 22:25:48.732,Duck Soup,stage_5_unlocked,2830
2025-01-19 00:07:08.653,Spicy Pecans,station_unlocked,0
2025-01-19 00:07:41.292,Spicy Pecans,first_knock,0
2025-01-19 00:07:42.317,Spicy Pecans,first_touch,0
2025-01-19 07:24:48.257,ladderdogs,first_headphone,2389
2025-01-19 07:25:46.204,ladderdogs,first_knock,2446
2025-01-19 07:25:55.856,ladderdogs,first_touch,2446
2025-01-19 07:25:56.788,ladderdogs,first_button,2446
2025-01-19 07:26:18.152,ladderdogs,first_magnet,2446
2025-01-19 07:29:11.355,ladderdogs,first_light,2626
2025-01-19 09:34:47.482,ÂñµÂñµÂñµ,first_touch,30343
2025-01-19 09:35:04.811,ÂñµÂñµÂñµ,stage_5_unlocked,30343
2025-01-19 09:35:07.335,ÂñµÂñµÂñµ,first_button,30343
2025-01-19 12:18:54.737,Sleipnir's Wranglers,station_unlocked,0
2025-01-19 12:19:17.61,Relatively Theoretical Constructs,station_unlocked,0
2025-01-19 12:19:22.015,Sleipnir's Wranglers,first_touch,14
2025-01-19 12:21:48.34,Sleipnir's Wranglers,first_knock,134
2025-01-19 12:25:16.519,Sleipnir's Wranglers,first_light,338
2025-01-19 12:26:35.696,Sleipnir's Wranglers,first_button,398
2025-01-19 12:31:16.074,Sleipnir's Wranglers,stage_1_unlocked,662
2025-01-19 12:32:30.301,Sleipnir's Wranglers,first_magnet,718
2025-01-19 12:41:41.896,Sleipnir's Wranglers,stage_2_unlocked,1210
2025-01-19 12:42:20.827,Sleipnir's Wranglers,first_headphone,1239
2025-01-19 12:53:50.507,Sleipnir's Wranglers,stage_3_unlocked,1922
2025-01-19 13:14:11.841,Sleipnir's Wranglers,stage_4_unlocked,3088
2025-01-19 13:28:06.405,Sleipnir's Wranglers,stage_5_unlocked,3849
2025-01-19 14:33:53.828,Spicy Pecans,first_light,847
2025-01-19 14:36:31.201,Spicy Pecans,first_button,936
2025-01-19 14:44:14.379,Spicy Pecans,stage_1_unlocked,1260
2025-01-19 14:49:28.937,Spicy Pecans,first_magnet,1534
2025-01-19 15:10:55.71,Spicy Pecans,stage_4_unlocked,2718
2025-01-19 15:40:49.998,,station_unlocked,
2025-01-19 15:41:25.261,,first_button,
2025-01-19 15:41:26.258,,first_knock,
2025-01-19 15:41:28.304,,first_touch,
2025-01-19 15:41:36.602,,stage_1_unlocked,
2025-01-19 15:42:33.856,Spicy Pecans,stage_5_unlocked,3301
2025-01-19 15:46:56.308,,first_magnet,
2025-01-19 15:53:00.813,Relatively Theoretical Constructs,first_button,179
2025-01-19 15:54:07.067,Relatively Theoretical Constructs,first_touch,221
2025-01-19 15:54:28.971,Relatively Theoretical Constructs,first_knock,221
2025-01-19 16:06:51.23,Relatively Theoretical Constructs,stage_1_unlocked,937
2025-01-19 16:17:29.102,ÂñµÂñµÂñµ,first_headphone,30395
2025-01-19 16:33:24.788,beasties,station_unlocked,0
2025-01-19 16:34:09.09,beasties,first_touch,12
2025-01-19 16:35:37.158,beasties,first_knock,110
2025-01-19 16:36:20.479,beasties,first_button,131
2025-01-19 16:36:44.116,beasties,stage_1_unlocked,190
2025-01-19 16:42:39.891,Relatively Theoretical Constructs,first_magnet,2578
2025-01-19 16:47:02.335,beasties,first_magnet,776
2025-01-19 16:47:40.731,beasties,stage_2_unlocked,832
2025-01-19 16:48:40.755,beasties,first_headphone,836
2025-01-19 16:59:20.012,beasties,stage_3_unlocked,1502
2025-01-19 17:07:18.459,beasties,first_light,1900
2025-01-19 17:21:21.799,beasties,stage_4_unlocked,2381
2025-01-19 17:29:18.399,beasties,stage_5_unlocked,2723
2025-01-19 17:55:06.047,Relatively Theoretical Constructs,stage_4_unlocked,5375
2025-01-19 18:05:25.432,Team 3734,stage_5_unlocked,11111
2025-01-19 18:05:25.432,Team 3734,station_unlocked,11111
2025-01-19 18:05:25.741,Team 3734,first_knock,11111
2025-01-19 18:05:26.484,Team 3734,first_button,11111
2025-01-19 18:05:57.396,Team 3734,first_light,11144
2025-01-19 18:05:58.931,Team 3734,first_touch,11144
2025-01-19 18:06:28.085,Team 3734,first_magnet,11170
2025-01-19 18:06:48.26,Team 3734,first_headphone,11170
2025-01-19 18:07:16.216,,stage_2_unlocked,
2025-01-19 18:07:57.194,,first_headphone,
2025-01-19 18:08:10.211,,first_light,
